OBJECTID,Site_Name,State,latitude,longitude,elevation,Is_Joint_Base,Operational_Status,Reporting_Component,current_temperature_2m,current_relative_humidity_2m,current_apparent_temperature,current_is_day,current_precipitation,current_rain,current_showers,current_snowfall,current_weather_code,current_cloud_cover,current_pressure_msl,current_surface_pressure,current_wind_speed_10m,current_wind_direction_10m,current_wind_gusts_10m,current_time,timezone,Cluster
2,Fort Campbell,tn,36.65429,-87.46056,168.0,no,act,usa,68.5,67,64.6,1,0.0,0.0,0.0,0.0,3,100,1015.1,995.5,14.7,227,30.0,2026-02-10T10:45,America/Chicago,0
25,NG Bremerton,wa,47.56732,-122.63264,11.0,no,act,armyNationalGuard,40.2,91,36.8,1,0.0,0.0,0.0,0.0,0,0,1018.4,1016.8,1.5,297,1.6,2026-02-10T08:45,America/Los_Angeles,9
32,Camp Dodge,ia,41.69971,-93.70744,301.0,no,act,armyNationalGuard,36.9,79,26.6,1,0.0,0.0,0.0,0.0,3,100,1018.8,981.7,15.0,338,24.4,2026-02-10T10:45,America/Chicago,8
47,NG Camp Ripley,mn,46.07024,-94.32833,348.0,no,act,armyNationalGuard,29.6,67,16.3,1,0.0,0.0,0.0,0.0,2,54,1019.3,975.9,18.8,317,29.5,2026-02-10T10:45,America/Chicago,8
54,Carlisle Barracks,pa,40.20009,-77.16637,143.0,no,act,usa,32.1,49,23.9,1,0.0,0.0,0.0,0.0,3,100,1016.3,998.1,5.9,160,10.3,2026-02-10T11:45,America/New_York,2
66,Detroit Arsenal,mi,42.49926,-83.02893,188.0,no,act,usa,39.1,62,30.9,1,0.0,0.0,0.0,0.0,3,84,1007.0,983.6,8.7,220,20.6,2026-02-10T11:45,America/Detroit,5
71,NG Esler Field,la,31.3949,-92.29569,27.0,no,act,armyNationalGuard,69.3,75,69.7,1,0.0,0.0,0.0,0.0,1,44,1020.1,1017.0,8.0,198,17.0,2026-02-10T10:45,America/Chicago,3
74,Fort Walker,va,38.06968,-77.31809,64.0,no,act,usa,49.0,24,43.2,1,0.0,0.0,0.0,0.0,2,70,1018.1,1010.3,1.8,240,3.6,2026-02-10T11:45,America/New_York,9
75,Fort Belvoir,va,38.7119,-77.14589,42.0,no,act,usa,39.7,47,33.7,1,0.0,0.0,0.0,0.0,3,100,1018.3,1012.9,1.9,225,3.6,2026-02-10T11:45,America/New_York,2
76,Fort Benjamin Harrison,in,39.86254,-86.01248,256.0,no,clsd,usa,54.9,71,48.4,1,0.0,0.0,0.0,0.0,0,3,1010.4,980.3,12.8,245,24.2,2026-02-10T11:45,America/Indiana/Indianapolis,5
77,Fort Benning,ga,32.35237,-84.96882,94.0,no,act,usa,62.0,83,61.2,1,0.0,0.0,0.0,0.0,2,72,1022.3,1009.9,7.2,254,13.2,2026-02-10T11:45,America/New_York,3
78,Fort Bliss,tx,31.81357,-106.41224,1186.0,no,act,usa,59.2,66,56.4,1,0.0,0.0,0.0,0.0,3,100,1015.2,883.8,5.4,182,9.8,2026-02-10T09:45,America/Denver,10
79,Fort Buchanan,pr,18.41215,-66.12207,10.0,no,act,usar,72.2,72,74.1,1,0.0,0.0,0.0,0.0,3,100,1021.0,1019.5,5.9,20,15.4,2026-02-10T12:45,America/Puerto_Rico,0
80,Fort Carson,co,38.73749,-104.78886,1780.0,no,act,usa,38.0,60,27.3,1,0.0,0.0,0.0,0.0,2,57,1023.0,824.4,14.3,177,17.9,2026-02-10T09:45,America/Denver,4
84,Fort Meade,md,39.10815,-76.74323,53.0,no,act,usa,35.2,71,29.7,1,0.0,0.0,0.0,0.0,3,100,1018.1,1011.4,2.6,195,5.4,2026-02-10T11:45,America/New_York,2
87,Fort Hamilton,ny,40.61872,-74.0332,20.0,no,act,usa,31.1,61,24.0,1,0.0,0.0,0.0,0.0,2,64,1019.3,1016.0,4.9,114,5.8,2026-02-10T11:45,America/New_York,2
88,Fort Cavazos,tx,31.13489,-97.77561,273.0,no,act,usa,66.2,84,64.6,1,0.0,0.0,0.0,0.0,3,100,1017.1,985.1,13.0,196,23.5,2026-02-10T10:45,America/Chicago,0
90,Fort Hunter Liggett,ca,36.01024,-121.23854,325.0,no,act,usar,50.0,92,48.9,1,0.0,0.0,0.0,0.0,3,100,1009.7,971.4,1.1,281,7.2,2026-02-10T08:45,America/Los_Angeles,1
92,Fort Jackson,sc,34.01296,-80.71221,81.0,no,act,usa,62.9,66,61.1,1,0.0,0.0,0.0,0.0,0,10,1019.9,1010.1,8.0,247,20.6,2026-02-10T11:45,America/New_York,3
93,Fort Knox,ky,37.89113,-85.96363,225.0,no,act,usa,58.3,89,54.2,1,0.0,0.0,0.0,0.0,0,8,1013.6,987.0,13.8,224,29.3,2026-02-10T11:45,America/New_York,5
96,Fort Leonard Wood,mo,37.70573,-92.15717,333.0,no,act,usa,69.2,59,66.4,1,0.0,0.0,0.0,0.0,0,1,1011.6,972.9,9.7,289,19.9,2026-02-10T10:45,America/Chicago,5
98,Fort McCoy,wi,43.98552,-90.69097,277.0,no,act,usar,36.6,76,27.5,1,0.0,0.0,0.0,0.0,3,100,1014.6,980.6,11.9,310,23.9,2026-02-10T10:45,America/Chicago,8
99,Fort Monroe,va,37.00399,-76.30739,3.0,no,care,usa,45.8,44,38.5,1,0.0,0.0,0.0,0.0,0,5,1019.7,1019.6,8.2,206,13.9,2026-02-10T11:45,America/New_York,9
102,Fort Johnson,la,42.95841,-74.23291,94.0,no,act,usa,23.2,59,14.1,1,0.0,0.0,0.0,0.0,3,83,1016.1,1000.0,7.2,85,9.4,2026-02-10T11:45,America/New_York,2
103,Fort Riley,ks,39.11081,-96.81392,406.0,no,act,usa,45.6,40,33.1,1,0.0,0.0,0.0,0.0,0,0,1018.7,969.8,17.8,15,29.5,2026-02-10T10:45,America/Chicago,6
105,Fort Shafter,hi,21.34411,-157.88628,22.0,no,act,usa,74.7,79,75.2,0,0.0,0.0,0.0,0.0,3,100,1020.4,1018.4,15.0,67,30.9,2026-02-10T06:45,Pacific/Honolulu,0
106,Fort Sill,ok,34.66591,-98.382,344.0,no,act,usa,55.3,45,43.7,1,0.0,0.0,0.0,0.0,3,93,1014.8,973.8,19.4,339,25.1,2026-02-10T10:45,America/Chicago,8
107,Fort Stewart,ga,31.87217,-81.61001,24.0,no,act,usa,65.2,70,64.7,1,0.0,0.0,0.0,0.0,0,15,1022.5,1019.4,7.8,268,12.5,2026-02-10T11:45,America/New_York,3
122,NG Hammond Airport,la,40.91307,-81.25864,351.0,no,act,armyNationalGuard,39.8,63,26.6,1,0.0,0.0,0.0,0.0,0,0,1010.1,967.8,21.4,191,34.2,2026-02-10T11:45,America/New_York,6
125,Helemano Military Reservation,hi,21.53602,-158.01894,315.0,no,act,usa,69.7,82,69.7,0,0.0,0.0,0.0,0.0,3,95,1020.8,981.8,12.1,79,49.0,2026-02-10T06:45,Pacific/Honolulu,0
135,Iowa Army Ammunition Plant,ia,40.78254,-91.25293,183.0,no,act,usa,45.2,63,34.0,1,0.0,0.0,0.0,0.0,0,11,1015.0,992.4,17.9,342,27.5,2026-02-10T10:45,America/Chicago,8
143,NG Kalaeloa,hi,21.29626,-158.10623,1.0,no,act,armyNationalGuard,75.2,74,76.6,0,0.0,0.0,0.0,0.0,3,97,1020.3,1020.2,11.4,79,18.1,2026-02-10T06:45,Pacific/Honolulu,0
151,NG Las Cruces,nm,32.31232,-106.77834,1191.0,no,act,armyNationalGuard,59.6,56,56.5,1,0.0,0.0,0.0,0.0,3,100,1015.1,883.0,3.7,218,4.7,2026-02-10T09:45,America/Denver,10
152,NG Lawrenceville,nj,40.29733,-74.7296,37.0,no,act,armyNationalGuard,30.6,57,24.7,1,0.0,0.0,0.0,0.0,2,79,1019.2,1014.0,2.0,174,4.3,2026-02-10T11:45,America/New_York,2
182,Camp Williams,ut,40.43328,-111.93688,1515.0,no,act,armyNationalGuard,37.4,47,30.7,1,0.0,0.0,0.0,0.0,3,100,1019.8,848.1,3.0,144,5.8,2026-02-10T09:45,America/Denver,4
184,Camp Roberts,ca,39.17838,-86.1936,192.0,no,act,armyNationalGuard,60.1,71,55.2,1,0.0,0.0,0.0,0.0,0,19,1011.5,987.3,12.1,230,28.9,2026-02-10T11:45,America/Indiana/Indianapolis,5
186,NG Nashville,tn,36.16589,-86.78444,170.0,no,act,armyNationalGuard,71.2,62,69.0,1,0.0,0.0,0.0,0.0,3,89,1015.9,997.5,11.7,216,23.9,2026-02-10T10:45,America/Chicago,0
195,Fort Irwin,ca,35.26275,-116.68475,758.0,no,act,usa,55.1,52,50.6,1,0.0,0.0,0.0,0.0,3,100,1011.4,924.5,3.9,294,3.8,2026-02-10T08:45,America/Los_Angeles,10
201,NG Williamstown,wv,39.40063,-81.44818,193.0,no,act,armyNationalGuard,46.1,69,40.0,1,0.0,0.0,0.0,0.0,0,7,1013.3,989.7,8.1,174,14.3,2026-02-10T11:45,America/New_York,5
206,Presidio of Monterey,ca,36.6068,-121.89719,28.0,no,act,usa,54.3,80,52.3,1,0.0,0.0,0.0,0.0,3,100,1008.8,1005.4,3.6,11,5.4,2026-02-10T08:45,America/Los_Angeles,1
211,NG Raleigh,nc,35.7721,-78.63861,96.0,no,act,armyNationalGuard,53.0,59,49.7,1,0.0,0.0,0.0,0.0,1,31,1018.3,1006.2,4.2,252,13.2,2026-02-10T11:45,America/New_York,9
213,Red River Army Depot,tx,33.46679,-94.31686,109.0,no,act,usa,68.9,75,66.2,1,0.0,0.0,0.0,0.0,3,80,1016.2,1003.5,14.9,208,27.3,2026-02-10T10:45,America/Chicago,0
214,Redstone Arsenal,al,34.68387,-86.64764,313.0,no,act,usa,61.0,83,58.5,1,0.0,0.0,0.0,0.0,3,89,1018.8,979.1,10.5,200,22.1,2026-02-10T10:45,America/Chicago,0
217,NG Rickenbacker,oh,39.8172,-82.93616,225.0,no,act,armyNationalGuard,36.6,67,28.1,1,0.0,0.0,0.0,0.0,0,1,1011.3,983.7,9.9,186,19.5,2026-02-10T11:45,America/New_York,5
232,NG Shelbyville,in,39.52144,-85.77692,233.0,no,act,armyNationalGuard,51.3,82,45.3,1,0.0,0.0,0.0,0.0,0,4,1011.1,983.2,12.0,223,17.4,2026-02-10T11:45,America/Indiana/Indianapolis,5
272,NG West Camp,sd,42.12315,-73.93486,56.0,no,act,armyNationalGuard,26.2,57,17.7,1,0.0,0.0,0.0,0.0,3,87,1016.9,1009.7,6.4,162,11.9,2026-02-10T11:45,America/New_York,2
291,NG Knightstown,in,39.7956,-85.52636,284.0,no,act,armyNationalGuard,45.1,81,38.0,1,0.0,0.0,0.0,0.0,0,2,1010.7,976.2,11.6,220,19.2,2026-02-10T11:45,America/Indiana/Indianapolis,5
292,Fort Bragg,nc,35.139,-79.00603,104.0,no,act,usa,55.4,52,51.6,1,0.0,0.0,0.0,0.0,0,5,1018.9,1005.9,5.1,241,11.2,2026-02-10T11:45,America/New_York,9
293,March ARB,ca,33.89267,-117.26081,464.0,no,act,afr,56.4,57,53.6,1,0.0,0.0,0.0,0.0,3,100,1013.4,959.2,1.7,140,3.6,2026-02-10T08:45,America/Los_Angeles,10
294,Tinker Air Force Base,ok,35.42555,-97.39682,376.0,no,act,usaf,56.6,51,47.3,1,0.0,0.0,0.0,0.0,3,98,1013.7,968.8,15.9,320,23.0,2026-02-10T10:45,America/Chicago,8
295,Dover Air Force Base,de,39.12749,-75.47136,7.0,no,act,usaf,39.7,57,34.0,1,0.0,0.0,0.0,0.0,3,81,1019.3,1018.5,4.0,128,9.2,2026-02-10T11:45,America/New_York,2
299,Dobbins ARB,ga,33.91538,-84.51632,325.0,no,act,afr,62.4,70,60.8,1,0.0,0.0,0.0,0.0,2,52,1020.7,984.1,7.6,242,15.9,2026-02-10T11:45,America/New_York,3
300,McGhee Tyson Airport,tn,35.80673,-83.99115,290.0,no,act,airNationalGuard,61.0,75,56.3,1,0.0,0.0,0.0,0.0,3,100,1018.5,984.2,13.5,228,25.5,2026-02-10T11:45,America/New_York,0
301,Keesler AFB,ms,30.41078,-88.92188,224.0,no,act,usaf,63.4,93,65.5,1,0.0,0.0,0.0,0.0,1,37,1022.4,1021.9,6.5,196,12.1,2026-02-10T10:45,America/Chicago,3
302,Dyess Air Force Base,tx,32.42013,-99.85731,543.0,no,act,usaf,72.4,45,67.5,1,0.0,0.0,0.0,0.0,3,100,1015.1,953.6,11.5,262,22.6,2026-02-10T10:45,America/Chicago,0
303,Westover ARB,ma,42.19317,-72.53603,73.0,no,act,afr,25.9,58,19.0,1,0.0,0.0,0.0,0.0,2,67,1018.4,1009.2,3.3,196,6.3,2026-02-10T11:45,America/New_York,2
307,Maxwell-Gunter Air Force Base,al,32.70069,-85.76023,208.0,no,act,usaf,61.5,86,60.7,1,0.0,0.0,0.0,0.0,3,100,1021.6,996.5,7.5,231,17.0,2026-02-10T10:45,America/Chicago,3
308,Moody Air Force Base,ga,30.96862,-83.19306,71.0,no,act,usaf,63.8,76,63.2,1,0.0,0.0,0.0,0.0,2,53,1023.4,1015.3,6.6,235,13.2,2026-02-10T11:45,America/New_York,3
309,Whiteman Air Force Base,mo,38.73018,-93.55895,254.0,no,act,usaf,48.4,51,37.3,1,0.0,0.0,0.0,0.0,0,3,1014.6,984.0,17.1,5,24.8,2026-02-10T10:45,America/Chicago,6
311,Wright-Patterson Air Force Base,oh,39.82201,-84.0368,248.0,no,act,usaf,43.2,75,37.2,1,0.0,0.0,0.0,0.0,0,0,1010.7,980.7,7.4,200,16.1,2026-02-10T11:45,America/New_York,5
312,McConnell AFB,ks,37.63007,-97.25869,416.0,no,act,usaf,47.5,52,35.5,1,0.0,0.0,0.0,0.0,3,82,1015.8,966.8,18.9,14,34.7,2026-02-10T10:45,America/Chicago,6
313,Barksdale Air Force Base,la,32.49696,-93.66762,50.0,no,act,usaf,71.1,68,68.8,1,0.0,0.0,0.0,0.0,3,97,1017.7,1011.9,13.5,219,21.3,2026-02-10T10:45,America/Chicago,0
314,Little Rock Air Force Base,ar,34.89149,-92.15955,264.0,no,act,usaf,64.1,88,63.8,1,0.0,0.0,0.0,0.0,3,100,1014.9,1001.2,9.3,233,27.1,2026-02-10T10:45,America/Chicago,0
319,Hill Air Force Base,ut,41.11118,-111.97712,1461.0,no,act,usaf,37.0,56,31.1,1,0.0,0.0,0.0,0.0,3,100,1020.9,854.0,2.0,186,3.6,2026-02-10T09:45,America/Denver,4
324,Eglin Air Force Base,fl,30.45907,-86.55026,13.0,no,act,usaf,64.8,91,68.2,1,0.0,0.0,0.0,0.0,2,63,1022.8,1020.8,3.9,167,9.8,2026-02-10T10:45,America/Chicago,3
326,Tyndall Air Force Base,fl,30.08535,-85.60731,8.0,no,act,usaf,67.5,81,68.7,1,0.0,0.0,0.0,0.0,0,4,1023.1,1021.5,10.1,179,12.8,2026-02-10T10:45,America/Chicago,3
327,Cheyenne Mountain Space Force Station,co,38.73721,-104.88081,2915.0,no,act,usaf,29.1,59,18.8,1,0.0,0.0,0.0,0.0,0,6,1022.7,719.3,11.1,214,20.4,2026-02-10T09:45,America/Denver,4
335,W K Kellogg,mi,42.30726,-85.25083,283.0,no,act,airNationalGuard,37.9,81,30.5,1,0.0,0.0,0.0,0.0,1,43,1007.8,973.4,8.5,273,24.4,2026-02-10T11:45,America/Detroit,5
340,Hurlburt Field,fl,30.42388,-86.69741,15.0,no,act,usaf,67.0,80,69.4,1,0.0,0.0,0.0,0.0,2,51,1022.8,1021.5,4.7,188,9.6,2026-02-10T10:45,America/Chicago,3
341,Robins AFB,ga,32.64014,-83.59185,89.0,no,act,usaf,57.8,93,57.4,1,0.0,0.0,0.0,0.0,3,100,1022.5,1012.5,5.2,250,10.5,2026-02-10T11:45,America/New_York,3
342,Joint Base Andrews,md,38.80366,-76.87215,85.0,yes,act,usaf,39.4,63,34.5,1,0.0,0.0,0.0,0.0,3,91,1018.4,1008.7,2.6,195,6.5,2026-02-10T11:45,America/New_York,2
343,Vance Air Force Base,ok,36.33976,-97.91645,391.0,no,act,usaf,48.3,51,35.4,1,0.0,0.0,0.0,0.0,3,100,1015.8,969.2,21.3,360,32.2,2026-02-10T10:45,America/Chicago,8
345,Mountain Home Air Force Base,id,43.04963,-115.86561,912.0,no,act,usaf,35.9,60,24.5,1,0.0,0.0,0.0,0.0,3,100,1022.2,914.0,15.1,130,30.4,2026-02-10T09:45,America/Boise,6
353,Arnold Air Force Base,tn,35.39871,-86.0785,325.0,no,act,usaf,63.8,76,61.5,1,0.0,0.0,0.0,0.0,0,13,1017.8,980.2,10.9,206,24.8,2026-02-10T10:45,America/Chicago,5
354,Scott Air Force Base,il,38.5427,-89.85035,134.0,no,act,usaf,65.1,66,61.3,1,0.0,0.0,0.0,0.0,0,10,1011.6,996.0,11.7,282,22.4,2026-02-10T10:45,America/Chicago,5
359,Holloman Air Force Base,nm,32.84827,-106.09977,1240.0,no,act,usaf,61.6,51,57.9,1,0.0,0.0,0.0,0.0,3,100,1015.0,878.6,4.7,175,6.0,2026-02-10T09:45,America/Denver,10
363,Niagara Falls,ny,43.0945,-79.05671,187.0,no,act,afr,36.0,59,28.4,1,0.0,0.0,0.0,0.0,3,100,1008.9,985.3,6.0,182,19.5,2026-02-10T11:45,America/New_York,2
364,MacDill Air Force Base,fl,27.84934,-82.52121,4.0,no,act,usaf,71.6,37,69.8,1,0.0,0.0,0.0,0.0,0,2,1024.8,1024.4,5.7,201,8.7,2026-02-10T11:45,America/New_York,9
366,Vandenberg Space Force Base,ca,34.7483,-120.51817,156.0,no,act,usaf,56.3,90,55.1,1,0.0,0.0,0.0,0.0,3,100,1012.1,993.1,5.4,185,14.1,2026-02-10T08:45,America/Los_Angeles,1
367,Columbus Air Force Base,ms,33.63239,-88.45153,56.0,no,act,usaf,66.1,76,64.6,1,0.0,0.0,0.0,0.0,3,97,1019.3,1011.7,10.0,209,18.1,2026-02-10T10:45,America/Chicago,0
370,Bellows,hi,44.65972,-86.23204,192.0,no,act,usaf,37.0,77,27.8,1,0.0,0.0,0.0,0.0,3,80,1009.2,984.9,12.2,288,20.6,2026-02-10T11:45,America/Detroit,8
374,Kegelman Air Force Auxiliary Field,ok,36.73816,-98.12624,367.0,no,act,usaf,49.0,46,35.6,1,0.0,0.0,0.0,0.0,3,100,1016.5,972.6,21.7,11,34.7,2026-02-10T10:45,America/Chicago,6
381,Marine Corps Air Station Beaufort,sc,32.47741,-80.72316,11.0,no,act,usmc,64.1,71,63.8,1,0.0,0.0,0.0,0.0,0,11,1021.9,1020.9,7.4,254,13.9,2026-02-10T11:45,America/New_York,3
383,Bridgeport,ca,38.25575,-119.23127,1970.0,no,act,usmc,30.2,95,25.0,1,0.0,0.0,0.0,0.0,3,100,1012.4,794.8,2.1,49,2.7,2026-02-10T08:45,America/Los_Angeles,4
417,Cheatham Annex,va,37.28403,-76.59051,8.0,no,act,usn,48.3,40,40.9,1,0.0,0.0,0.0,0.0,2,70,1019.2,1018.1,8.6,208,15.4,2026-02-10T11:45,America/New_York,9
422,Waterfront,nj,34.02482,-84.41243,302.0,no,act,usn,61.8,70,60.5,1,0.0,0.0,0.0,0.0,0,9,1020.5,983.5,6.7,240,16.1,2026-02-10T11:45,America/New_York,3
423,Fort Sheridan,il,42.20398,-87.80994,210.0,no,act,usn,45.5,69,37.4,1,0.0,0.0,0.0,0.0,1,31,1011.2,986.0,11.8,335,19.2,2026-02-10T10:45,America/Chicago,5
425,Craney Island,va,36.89237,-76.35939,3.0,no,act,usn,49.8,48,44.0,1,0.0,0.0,0.0,0.0,0,7,1019.6,1018.9,6.7,200,9.8,2026-02-10T11:45,America/New_York,9
430,Bratenahl,oh,41.54255,-81.62624,187.0,no,act,usn,43.8,58,33.4,1,0.0,0.0,0.0,0.0,0,3,1008.7,986.1,14.9,187,24.8,2026-02-10T11:45,America/New_York,5
433,Naval Station Norfolk,va,36.93533,-76.2923,2.0,no,act,usn,48.9,47,42.9,1,0.0,0.0,0.0,0.0,0,4,1019.7,1019.5,6.9,201,9.2,2026-02-10T11:45,America/New_York,9
434,Naval Air Station Oceana,va,36.8207,-76.03354,6.0,no,act,usn,49.5,42,43.0,1,0.0,0.0,0.0,0.0,0,1,1020.0,1019.4,7.2,210,8.9,2026-02-10T11:45,America/New_York,9
444,Glenview,il,42.06975,-87.78784,199.0,no,act,usn,46.6,62,38.4,1,0.0,0.0,0.0,0.0,0,15,1011.1,986.7,11.2,337,19.5,2026-02-10T10:45,America/Chicago,5
447,Andersen Air Force Base,gu,13.55691,144.92232,158.0,no,act,usn,80.6,82,84.6,0,0.0,0.0,0.0,0.0,3,91,1012.9,994.9,15.8,83,20.8,2026-02-11T02:45,Pacific/Guam,0
451,Manchester,wa,42.48415,-91.45543,287.0,no,act,usn,37.3,85,27.3,1,0.0,0.0,0.0,0.0,3,100,1016.1,980.8,15.0,323,21.5,2026-02-10T10:45,America/Chicago,8
458,Offutt Air Force Base,ne,41.12024,-95.92095,311.0,no,act,usaf,42.5,57,31.5,1,0.0,0.0,0.0,0.0,1,35,1020.1,981.3,15.6,351,25.9,2026-02-10T10:45,America/Chicago,8
462,NOLF Evergreen,al,31.4335,-86.95692,83.0,no,act,usn,64.1,83,64.2,1,0.0,0.0,0.0,0.0,3,93,1022.5,1011.9,6.8,226,13.6,2026-02-10T10:45,America/Chicago,3
463,NOLF Santa Rosa,fl,30.39603,-86.22883,1.0,no,act,usn,69.6,79,72.8,1,0.0,0.0,0.0,0.0,2,56,1022.7,1022.2,5.2,205,9.8,2026-02-10T10:45,America/Chicago,3
466,West Bank,la,42.90306,-78.27,315.0,no,act,usn,38.8,63,29.7,1,0.0,0.0,0.0,0.0,3,100,1008.9,970.6,11.0,185,27.1,2026-02-10T11:45,America/New_York,6
468,Saufley Field,fl,30.46598,-87.3415,22.0,no,act,usn,67.4,79,68.8,1,0.0,0.0,0.0,0.0,1,42,1022.6,1020.1,5.4,218,13.2,2026-02-10T10:45,America/Chicago,3
469,Naval Air Station Meridian,ms,32.55483,-88.55719,87.0,no,act,usn,65.9,75,64.2,1,0.0,0.0,0.0,0.0,3,96,1020.8,1010.6,10.1,217,19.7,2026-02-10T10:45,America/Chicago,0
481,NOLF Spencer,fl,43.14136,-95.14444,400.0,no,act,usn,36.8,69,26.2,1,0.0,0.0,0.0,0.0,3,100,1020.4,970.7,14.6,337,21.9,2026-02-10T10:45,America/Chicago,8
482,NOLF Choctaw,fl,30.36742,-86.10605,3.0,no,act,usn,69.9,77,71.1,1,0.0,0.0,0.0,0.0,1,29,1022.7,1021.4,8.5,198,10.5,2026-02-10T10:45,America/Chicago,3
487,NOLF Silverhill,al,30.54547,-87.75166,44.0,no,act,usn,66.3,81,67.0,1,0.0,0.0,0.0,0.0,1,39,1022.7,1017.5,6.7,210,11.9,2026-02-10T10:45,America/Chicago,3
488,NOLF Brewton,al,31.10518,-87.07219,25.0,no,act,usn,65.5,83,66.9,1,0.0,0.0,0.0,0.0,3,99,1022.6,1019.5,5.1,225,11.6,2026-02-10T10:45,America/Chicago,3
489,NOLF Summerdale,al,30.4877,-87.69971,34.0,no,act,usn,66.6,82,67.4,1,0.0,0.0,0.0,0.0,1,33,1022.7,1018.5,6.9,201,13.9,2026-02-10T10:45,America/Chicago,3
494,NOLF Holley,fl,30.44686,-86.90691,2.0,no,act,usn,67.2,84,70.4,1,0.0,0.0,0.0,0.0,1,26,1022.8,1021.5,4.5,213,9.6,2026-02-10T10:45,America/Chicago,3
495,NOLF Wolf,al,44.77164,-107.23897,1410.0,no,act,usn,34.7,40,26.1,1,0.0,0.0,0.0,0.0,1,46,1026.2,863.7,6.2,136,6.3,2026-02-10T09:45,America/Denver,4
504,National City,ca,32.67811,-117.0992,21.0,no,act,usn,61.2,82,59.4,1,0.0,0.0,0.0,0.0,3,100,1015.0,1012.5,8.7,209,13.0,2026-02-10T08:45,America/Los_Angeles,1
506,San Nicolas Island,ca,33.24947,-119.50038,203.0,no,act,usn,57.0,85,53.9,1,0.0,0.0,0.0,0.0,3,100,1013.8,990.5,9.2,247,10.5,2026-02-10T08:45,America/Los_Angeles,1
507,NAVWPNSTA Seal Beach,ca,33.74141,-118.10479,4.0,no,act,usn,62.2,80,60.4,1,0.0,0.0,0.0,0.0,3,100,1013.9,1013.1,8.9,170,12.1,2026-02-10T08:45,America/Los_Angeles,1
513,Santa Cruz Island,ca,34.0262,-119.76505,656.0,no,act,usn,56.2,93,53.7,1,0.0,0.0,0.0,0.0,3,100,1013.2,966.7,8.9,162,10.5,2026-02-10T08:45,America/Los_Angeles,1
514,CSO NAS Alameda,ca,37.77099,-122.26087,10.0,no,care,usn,47.6,71,42.5,1,0.0,0.0,0.0,0.0,3,100,1009.0,1007.7,5.7,162,8.1,2026-02-10T08:45,America/Los_Angeles,1
521,South Point,ca,34.14516,-79.80979,37.0,no,act,usn,58.7,70,56.2,1,0.0,0.0,0.0,0.0,0,13,1019.9,1015.1,6.1,246,16.6,2026-02-10T11:45,America/New_York,3
538,Naval Air Station Patuxent River,md,38.28374,-76.41853,8.0,no,act,usn,43.8,54,39.0,1,0.0,0.0,0.0,0.0,2,79,1018.9,1017.9,3.0,132,4.9,2026-02-10T11:45,America/New_York,2
539,Webster Field,md,43.67479,-70.50034,71.0,no,act,usn,26.3,39,19.7,1,0.0,0.0,0.0,0.0,0,10,1017.5,1006.9,0.9,315,6.7,2026-02-10T11:45,America/New_York,9
547,Pumpkin Neck,va,38.30068,-77.07609,33.0,no,act,usn,45.1,37,39.4,1,0.0,0.0,0.0,0.0,3,80,1018.6,1014.6,1.0,243,3.6,2026-02-10T11:45,America/New_York,9
554,NAF El Centro,ca,32.792,-115.56305,12.0,no,act,usn,67.0,55,64.1,1,0.0,0.0,0.0,0.0,1,40,1012.2,1013.4,7.2,182,15.4,2026-02-10T08:45,America/Los_Angeles,5
559,Mark Center,va,41.28894,-84.63106,219.0,no,act,whs,47.0,71,36.9,1,0.0,0.0,0.0,0.0,0,1,1007.8,981.3,17.3,246,34.2,2026-02-10T11:45,America/New_York,5
560,Pentagon,va,38.87488,-77.05662,14.0,no,act,whs,39.5,63,34.1,1,0.0,0.0,0.0,0.0,3,100,1018.1,1017.0,2.2,156,4.0,2026-02-10T11:45,America/New_York,2
568,Cabeza De Perro,pr,18.24837,-65.57766,26.0,no,care,usn,75.1,65,75.8,1,0.0,0.0,0.0,0.0,3,100,1020.7,1020.1,8.8,19,19.5,2026-02-10T12:45,America/Puerto_Rico,0
573,CSO NAS South Weymouth,ma,42.1751,-70.94949,55.0,no,care,usn,29.4,52,22.7,1,0.0,0.0,0.0,0.0,0,2,1018.6,1011.3,3.3,242,6.0,2026-02-10T11:45,America/New_York,9
579,Eareckson Air Station,ak,52.71369,174.11508,,no,act,usaf,33.0,72,15.9,0,0.0,0.0,0.0,0.0,3,91,980.0,976.8,29.1,289,42.5,2026-02-10T06:45,America/Adak,6
585,Alpena County Regional Airport,mi,45.07807,-83.56026,207.0,no,act,airNationalGuard,29.2,64,22.0,1,0.0,0.0,0.0,0.0,3,100,1006.3,980.5,4.1,248,9.8,2026-02-10T11:45,America/Detroit,2
588,Malmstrom Air Force Base,mt,47.50549,-111.18302,1055.0,no,act,usaf,34.5,63,23.6,1,0.0,0.0,0.0,0.0,0,0,1023.9,899.4,14.0,243,25.3,2026-02-10T09:45,America/Denver,4
593,Minot Air Force Base,nd,48.42087,-101.33914,494.0,no,act,usaf,31.2,77,23.7,1,0.0,0.0,0.0,0.0,0,11,1023.2,962.1,6.5,284,12.1,2026-02-10T10:45,America/Chicago,9
598,New Castle Airport,de,39.67845,-75.60632,22.0,no,act,airNationalGuard,32.1,74,26.0,1,0.0,0.0,0.0,0.0,3,100,1019.2,1016.5,3.2,168,7.2,2026-02-10T11:45,America/New_York,2
600,Hancock Field,ny,42.08871,-71.06394,73.0,no,act,airNationalGuard,29.6,53,23.1,1,0.0,0.0,0.0,0.0,0,2,1018.6,1009.2,3.0,234,7.2,2026-02-10T11:45,America/New_York,9
609,Capital Airport,il,39.8444,-89.67354,179.0,no,act,airNationalGuard,51.2,52,42.1,1,0.0,0.0,0.0,0.0,0,0,1012.1,990.8,13.3,318,18.8,2026-02-10T10:45,America/Chicago,5
614,Rickenbacker,oh,39.8172,-82.93616,225.0,no,act,airNationalGuard,36.6,67,28.1,1,0.0,0.0,0.0,0.0,0,1,1011.3,983.7,9.9,186,19.5,2026-02-10T11:45,America/New_York,5
615,Quonset State Airport,ri,41.59744,-71.41483,2.0,no,act,airNationalGuard,30.3,45,24.1,1,0.0,0.0,0.0,0.0,1,45,1018.9,1018.8,1.5,117,7.2,2026-02-10T11:45,America/New_York,2
623,Birmingham Airport,al,52.45386,-1.74803,99.0,no,act,airNationalGuard,46.7,96,44.0,1,0.0,0.0,0.0,0.0,3,100,983.0,971.7,3.7,107,8.7,2026-02-10T16:45,Europe/London,1
629,Joe Foss Field,sd,43.58136,-96.74172,433.0,no,act,airNationalGuard,34.4,78,23.8,1,0.0,0.0,0.0,0.0,3,100,1022.0,968.8,14.6,341,21.9,2026-02-10T10:45,America/Chicago,8
631,Martin State Airport,md,39.32566,-76.41357,5.0,no,act,airNationalGuard,36.0,78,31.2,1,0.0,0.0,0.0,0.0,3,100,1018.4,1018.0,1.4,162,2.0,2026-02-10T11:45,America/New_York,2
639,Will Rogers World Airport,ok,35.39312,-97.60087,393.0,no,act,airNationalGuard,54.4,54,42.8,1,0.0,0.0,0.0,0.0,3,99,1014.1,968.1,20.9,334,26.4,2026-02-10T10:45,America/Chicago,8
643,Boise Air Terminal,id,43.56156,-116.23984,857.0,no,act,airNationalGuard,37.4,63,31.0,1,0.0,0.0,0.0,0.0,3,100,1022.1,920.4,4.1,174,9.2,2026-02-10T09:45,America/Boise,4
670,Joint Base Lewis-McChord,wa,47.10787,-122.57694,84.0,yes,act,usa,33.2,100,29.3,1,0.0,0.0,0.0,0.0,45,100,1018.3,1007.3,0.6,225,1.6,2026-02-10T08:45,America/Los_Angeles,7
685,Aberdeen Proving Ground,md,39.46686,-76.13066,7.0,no,act,usa,32.7,88,27.6,1,0.0,0.0,0.0,0.0,3,96,1018.7,1017.0,2.2,66,2.7,2026-02-10T11:45,America/New_York,2
686,Altus Air Force Base,ok,34.66396,-99.27425,415.0,no,act,usaf,52.9,43,41.0,1,0.0,0.0,0.0,0.0,3,97,1016.2,967.1,18.6,355,25.5,2026-02-10T10:45,America/Chicago,8
688,Goodfellow Air Force Base,tx,31.43137,-100.40208,569.0,no,act,usaf,68.1,48,64.9,1,0.0,0.0,0.0,0.0,3,86,1016.2,951.6,6.2,251,17.4,2026-02-10T10:45,America/Chicago,10
690,Beale Air Force Base,ca,39.10917,-121.35444,60.0,no,act,usaf,52.5,76,50.7,1,0.0,0.0,0.0,0.0,2,78,1009.9,1002.4,1.2,112,4.3,2026-02-10T08:45,America/Los_Angeles,1
691,Buckley Space Force Base,co,39.7056,-104.75507,1706.0,no,act,usaf,38.7,50,29.8,1,0.0,0.0,0.0,0.0,1,35,1024.1,833.3,8.9,131,10.5,2026-02-10T09:45,America/Denver,4
692,Cape Canaveral Space Force Station,fl,28.41861,-80.62033,2.0,no,act,usaf,72.6,47,73.8,1,0.0,0.0,0.0,0.0,0,11,1024.9,1024.5,3.7,232,5.8,2026-02-10T11:45,America/New_York,3
694,Creech Air Force Base,nv,36.58333,-115.66667,955.0,no,act,usaf,53.6,36,47.3,1,0.0,0.0,0.0,0.0,3,97,1012.4,905.0,4.1,131,8.7,2026-02-10T08:45,America/Los_Angeles,10
695,Edwards Air Force Base,ca,34.91637,-117.93535,717.0,no,act,usaf,51.0,62,48.1,1,0.0,0.0,0.0,0.0,3,100,1012.0,927.7,0.3,225,2.0,2026-02-10T08:45,America/Los_Angeles,10
697,Eielson Air Force Base,ak,64.66327,-147.05441,166.0,no,act,usaf,-32.7,71,-41.5,0,0.0,0.0,0.0,0.0,1,31,1010.4,986.6,3.2,98,5.6,2026-02-10T07:45,America/Anchorage,11
699,Fort Drum,ny,44.05843,-75.76189,158.0,no,act,usa,30.4,62,21.4,1,0.0,0.0,0.0,0.0,3,100,1013.5,994.0,8.6,131,13.6,2026-02-10T11:45,America/New_York,2
700,Shaw Air Force Base,sc,33.97272,-80.47056,73.0,no,act,usaf,61.9,67,59.1,1,0.0,0.0,0.0,0.0,0,2,1020.0,1011.5,9.8,246,21.0,2026-02-10T11:45,America/New_York,3
703,Naval Air Station Whidbey Island,wa,48.34433,-122.66613,6.0,no,act,usn,41.6,90,37.7,1,0.0,0.0,0.0,0.0,0,0,1018.7,1018.2,3.1,184,6.9,2026-02-10T08:45,America/Los_Angeles,9
705,Nellis Air Force Base,nv,36.24607,-115.05721,576.0,no,act,usaf,57.2,35,52.6,1,0.0,0.0,0.0,0.0,3,100,1013.2,946.5,1.1,233,11.0,2026-02-10T08:45,America/Los_Angeles,10
710,Rock Island Arsenal,il,41.51725,-90.53993,178.0,no,act,usa,43.2,70,34.2,1,0.0,0.0,0.0,0.0,2,65,1014.5,992.7,12.9,337,22.8,2026-02-10T10:45,America/Chicago,8
712,Travis Air Force Base,ca,38.26074,-121.94133,16.0,no,act,usaf,47.4,90,43.2,1,0.0,0.0,0.0,0.0,3,100,1009.9,1007.9,6.7,42,9.8,2026-02-10T08:45,America/Los_Angeles,1
719,Jim Creek,wa,45.93626,-116.93431,1542.0,no,act,usn,26.8,71,19.0,1,0.0,0.0,0.0,0.0,2,75,1022.2,842.6,5.6,164,12.5,2026-02-10T08:45,America/Los_Angeles,4
728,Rocky Mountain Arsenal,co,39.83455,-104.81871,1593.0,no,clsd,usa,39.2,53,30.9,1,0.0,0.0,0.0,0.0,3,100,1024.3,844.8,7.9,130,8.7,2026-02-10T09:45,America/Denver,4
738,Cannon Air Force Base,nm,34.39689,-103.32444,1307.0,no,act,usaf,50.1,35,37.0,1,0.0,0.0,0.0,0.0,0,1,1015.5,868.6,19.4,40,25.5,2026-02-10T09:45,America/Denver,6
744,Fairchild Air Force Base,wa,47.61879,-117.64826,742.0,no,act,usaf,34.8,92,28.4,1,0.0,0.0,0.0,0.0,0,2,1022.7,933.5,6.3,98,12.8,2026-02-10T08:45,America/Los_Angeles,4
746,Fort Greely,ak,63.97,-145.735,421.0,no,act,usa,-30.5,74,-38.8,0,0.0,0.0,0.0,0.0,2,52,1011.3,954.7,1.8,90,2.2,2026-02-10T07:45,America/Anchorage,11
771,Kirtland Air Force Base,nm,35.03761,-106.61262,1619.0,no,act,usaf,49.0,36,42.9,1,0.0,0.0,0.0,0.0,0,0,1016.3,838.6,2.6,195,2.7,2026-02-10T09:45,America/Denver,10
776,Marine Corps Base Hawaii,hi,21.44336,-157.74982,2.0,no,act,usmc,72.6,83,72.5,0,0.0,0.0,0.0,0.0,3,100,1020.7,1020.6,15.8,67,40.5,2026-02-10T06:45,Pacific/Honolulu,0
784,NG Ayer,ma,42.5612,-71.58979,73.0,no,act,armyNationalGuard,30.2,60,24.2,1,0.0,0.0,0.0,0.0,0,7,1017.9,1008.5,2.3,169,4.3,2026-02-10T11:45,America/New_York,9
797,NG Camp Grafton,nd,48.05694,-98.92095,447.0,no,act,armyNationalGuard,27.7,83,18.4,1,0.0,0.0,0.0,0.0,3,100,1022.4,966.7,10.2,299,20.4,2026-02-10T10:45,America/Chicago,8
798,NG Camp Gruber,ok,35.67371,-95.20552,173.0,no,act,armyNationalGuard,72.3,55,66.1,1,0.0,0.0,0.0,0.0,3,100,1012.0,991.8,18.6,210,31.1,2026-02-10T10:45,America/Chicago,0
806,NG Camp Swift,tx,30.19077,-97.29221,134.0,no,act,armyNationalGuard,67.1,80,66.4,1,0.0,0.0,0.0,0.0,3,100,1018.6,1002.3,10.4,208,22.1,2026-02-10T10:45,America/Chicago,0
810,NG Cumming,ga,34.20732,-84.14019,371.0,no,act,armyNationalGuard,58.5,67,54.1,1,0.0,0.0,0.0,0.0,2,74,1020.2,976.6,9.1,242,18.8,2026-02-10T11:45,America/New_York,3
814,NG Fort Indiantown Gap,pa,40.43981,-76.5983,174.0,no,act,armyNationalGuard,32.4,41,24.1,1,0.0,0.0,0.0,0.0,3,100,1016.7,992.3,5.8,152,10.3,2026-02-10T11:45,America/New_York,2
840,Camp Shelby,ms,31.18185,-89.24839,89.0,no,act,armyNationalGuard,66.7,75,65.7,1,0.0,0.0,0.0,0.0,2,62,1022.1,1011.7,9.0,207,15.0,2026-02-10T10:45,America/Chicago,3
851,NG Saginaw,tx,32.86013,-97.36391,222.0,no,act,armyNationalGuard,70.2,60,66.9,1,0.0,0.0,0.0,0.0,3,100,1014.4,988.5,12.1,208,19.5,2026-02-10T10:45,America/Chicago,0
873,Wheeler Army Airfield,hi,21.47515,-158.03395,264.0,no,act,usa,70.9,82,71.3,0,0.0,0.0,0.0,0.0,3,95,1020.8,992.9,12.1,79,49.0,2026-02-10T06:45,Pacific/Honolulu,0
874,White Bluff,wa,46.66653,-119.48475,126.0,no,act,usaf,31.5,88,26.4,1,0.0,0.0,0.0,0.0,2,64,1021.2,1005.5,1.8,277,2.0,2026-02-10T08:45,America/Los_Angeles,2
876,Youngstown,oh,41.09978,-80.64952,259.0,no,act,afr,41.8,61,33.5,1,0.0,0.0,0.0,0.0,2,70,1010.5,978.4,10.3,181,22.8,2026-02-10T11:45,America/New_York,5
896,NOLF Harold,fl,30.65908,-86.88024,45.0,no,act,usn,65.8,80,67.1,1,0.0,0.0,0.0,0.0,2,64,1022.7,1017.0,4.6,219,13.4,2026-02-10T10:45,America/Chicago,3
903,Dixie Valley,nv,39.6877,-118.08069,1047.0,no,act,usn,44.9,27,38.2,1,0.0,0.0,0.0,0.0,0,11,1014.5,894.5,1.9,201,6.0,2026-02-10T08:45,America/Los_Angeles,10
908,King Ranch,tx,26.24424,-98.45641,50.0,no,act,usn,76.3,53,71.9,1,0.0,0.0,0.0,0.0,0,7,1015.6,1009.8,18.5,163,26.2,2026-02-10T10:45,America/Chicago,5
913,Martinez Lake,az,27.39697,-99.39198,160.0,no,act,usmc,71.3,59,67.7,1,0.0,0.0,0.0,0.0,3,89,1015.2,996.5,13.5,144,16.6,2026-02-10T10:45,America/Chicago,0
926,NG AASF,ct,-34.7654,19.85612,14.0,no,act,armyNationalGuard,74.2,87,79.2,1,0.0,0.0,0.0,0.0,2,73,1013.6,1012.4,7.3,153,13.9,2026-02-10T18:45,Africa/Johannesburg,3
952,NG Warwick,ri,41.7001,-71.41617,11.0,no,act,armyNationalGuard,29.1,61,23.3,1,0.0,0.0,0.0,0.0,1,43,1018.8,1018.0,1.6,172,5.6,2026-02-10T11:45,America/New_York,2
963,NG Wilder,id,43.67655,-116.91182,740.0,no,act,armyNationalGuard,28.6,96,22.5,1,0.0,0.0,0.0,0.0,3,98,1022.6,932.4,3.8,339,4.0,2026-02-10T09:45,America/Boise,2
971,Constitution Island,ny,41.40565,-73.95375,10.0,no,act,usa,29.4,51,21.6,1,0.0,0.0,0.0,0.0,0,16,1017.8,1014.9,4.8,152,8.3,2026-02-10T11:45,America/New_York,9
972,NG Lathrop,ca,37.8227,-121.27661,7.0,no,act,armyNationalGuard,50.3,100,47.0,1,0.0,0.0,0.0,0.0,45,100,1009.6,1008.7,7.9,160,17.0,2026-02-10T08:45,America/Los_Angeles,7
991,Grand Forks AFB,nd,47.9497,-97.3944,275.0,no,act,usaf,26.0,80,15.9,1,0.0,0.0,0.0,0.0,3,100,1022.2,987.3,11.5,339,18.8,2026-02-10T10:45,America/Chicago,8
